Number_of_Customers_Per_Day,Average_Order_Value,Marketing_Spend_Per_Day,Daily_Revenue
152,6.74,106.62,1547.81
485,4.5,57.83,2084.68
398,9.09,91.76,3118.39
320,8.48,462.63,2912.2
156,7.44,412.52,1663.42
121,8.88,183.49,1155.18
238,9.0,331.35,2179.13
70,7.81,273.27,890.17
152,8.78,341.79,1704.94
171,7.73,344.51,2025.55
264,7.6,318.08,2099.66
380,7.14,140.39,2568.92
137,8.15,29.11,1367.08
422,3.69,233.23,1817.02
149,9.11,446.58,1707.13
409,9.04,289.05,3618.25
201,2.72,417.87,876.02
180,8.69,495.9,2167.08
199,3.47,90.17,962.96
358,5.01,348.97,2463.86
307,8.08,340.4,2445.85
393,3.71,490.18,2221.32
463,8.63,492.94,4368.39
343,8.74,346.47,3165.36
435,6.31,129.37,2580.95
241,2.55,401.29,770.84
493,4.65,62.44,2284.46
326,7.13,392.54,2416.98
210,9.86,456.0,2397.9
363,7.24,197.59,2745.29
71,4.45,319.01,399.54
302,7.26,220.77,2040.26
285,6.55,224.5,2260.56
394,8.35,162.08,3228.44
98,3.3,383.44,733.78
108,8.21,468.73,1526.31
219,6.56,470.97,2133.33
237,9.72,95.64,2441.69
320,5.06,438.62,1892.72
239,7.24,371.34,1909.37
495,9.49,133.89,4550.3
224,3.27,42.97,851.77
495,9.53,141.32,4188.8
100,7.66,456.98,1177.41
413,3.01,320.26,1560.46
104,4.76,363.32,995.23
293,7.81,136.0,2273.88
369,3.01,362.5,1271.51
180,6.87,23.78,1156.98
356,5.09,193.91,1778.23
184,7.16,317.11,1428.1
70,2.84,81.59,299.11
378,9.04,413.27,3672.71
216,9.8,125.17,2253.21
323,9.77,329.62,3162.38
437,8.12,208.55,3553.46
138,3.48,302.06,571.57
365,8.19,62.65,2729.42
63,2.68,18.29,272.13
291,2.67,455.69,1492.41
314,4.93,142.12,1717.36
395,6.16,411.64,2968.22
102,8.28,499.68,1420.47
435,7.62,113.6,3252.78
389,5.84,139.93,2628.23
141,4.55,334.8,986.17
416,9.98,483.07,4737.16
493,5.7,458.75,3392.51
477,5.89,256.41,2859.93
313,3.73,399.6,1613.57
480,8.46,76.52,3793.18
84,7.7,488.94,1479.56
255,4.16,482.53,1759.04
130,3.12,90.23,405.39
469,7.6,156.72,3026.63
99,7.41,59.08,883.29
409,4.55,143.14,1503.07
437,9.63,409.82,4129.01
51,3.63,195.37,379.18
439,5.74,53.31,2105.02
103,9.58,177.69,1218.11
155,5.65,490.88,1465.26
309,7.29,318.54,2662.21
359,5.48,213.92,1769.92
240,4.56,91.6,989.98
451,9.88,493.23,4750.98
267,5.57,412.22,1965.35
93,9.21,147.92,1131.56
211,4.22,44.33,684.96
251,4.1,37.75,889.21
495,2.73,68.99,1421.17
319,7.39,294.58,2123.83
400,5.26,465.09,2668.22
353,8.98,253.4,3385.84
320,6.05,423.04,2110.23
264,9.76,228.48,2598.69
301,3.89,357.21,1888.15
239,9.01,368.62,2622.95
345,8.32,95.24,2815.61
262,8.28,187.0,2431.12
257,8.84,322.28,2889.02
286,8.21,44.64,2183.92
387,7.2,187.15,2707.05
416,3.48,272.05,1908.69
102,2.74,498.15,961.27
329,9.41,242.52,2964.48
459,7.12,409.87,3448.06
266,8.47,221.71,2422.75
301,6.11,400.23,2165.62
237,3.38,301.75,1098.58
429,3.44,444.43,1789.37
90,7.64,211.36,1222.95
206,5.73,306.11,1452.98
64,4.0,318.71,566.16
350,6.19,214.52,2150.61
114,2.98,80.71,587.32
394,6.86,55.84,2630.96
376,4.52,18.17,1456.45
58,8.48,438.03,1106.16
393,4.83,125.87,1952.52
178,5.91,113.64,976.43
185,2.59,370.66,679.1
112,3.04,166.81,659.65
188,5.44,257.96,1177.64
130,6.1,89.63,936.21
441,7.0,480.28,3562.93
212,4.69,427.27,1546.92
468,7.71,433.26,3812.12
338,8.95,209.32,2909.78
428,8.35,383.56,3564.08
310,2.8,80.5,779.0
280,6.1,14.22,1672.29
90,3.29,19.79,575.74
77,4.32,297.43,995.74
184,9.9,233.14,2018.23
250,3.57,263.83,1478.45
377,6.24,13.66,2076.36
317,7.14,217.12,2104.51
467,7.77,361.85,4192.68
82,6.7,226.92,941.4
97,2.57,368.79,470.62
456,4.95,124.18,2529.56
111,6.38,408.44,1101.34
265,3.16,298.33,1095.98
342,5.13,113.27,1953.2
148,2.75,125.99,827.63
221,3.09,317.73,891.05
409,5.48,416.67,2936.39
263,3.5,213.66,1323.79
84,6.76,136.57,555.96
498,7.67,434.84,4040.77
276,8.5,337.94,2921.54
150,4.0,229.56,572.23
480,3.76,249.07,2274.07
180,3.28,110.09,865.78
306,7.27,317.13,2579.68
54,7.8,185.78,684.09
267,2.74,497.87,1799.25
304,9.52,245.29,3396.19
447,2.89,248.08,1411.72
408,6.56,287.27,2962.18
332,7.82,459.21,3400.31
442,9.03,402.4,4038.73
256,7.86,231.05,2206.15
64,8.51,362.16,1234.19
395,5.05,297.26,1838.19
91,8.61,251.26,1247.76
429,3.1,104.23,1135.57
228,9.21,237.33,2284.35
112,6.61,130.45,1090.83
401,8.63,458.27,3324.14
280,5.89,174.35,1902.98
290,7.33,476.61,3035.71
101,6.45,271.2,886.44
145,7.99,319.46,1637.22
437,3.11,276.04,1904.28
271,2.95,73.4,511.02
456,4.35,194.15,2227.94
280,3.7,58.58,1225.02
286,9.04,315.25,2927.5
192,4.14,228.97,1076.17
220,9.82,391.21,2331.09
78,5.03,118.03,808.44
85,3.87,90.64,438.92
62,8.42,209.1,602.71
209,7.44,464.03,2031.9
376,6.24,358.11,2722.46
236,6.67,215.27,1427.38
292,7.89,263.46,2472.27
135,4.21,51.26,505.03
333,9.97,492.44,3993.87
115,9.81,336.54,1145.17
219,7.38,149.85,1867.12
94,4.0,297.05,1067.39
111,7.6,63.65,487.3
490,3.04,483.26,1722.09
183,2.73,95.64,950.27
333,4.43,327.53,1638.09
77,5.97,130.27,1228.09
157,9.01,361.61,1454.36
93,7.95,390.64,1285.38
389,8.07,339.98,3330.6
335,5.69,311.1,2140.55
495,5.09,447.31,3031.15
380,5.28,48.53,1982.68
177,9.91,172.15,1803.36
397,2.8,131.66,995.1
280,9.0,494.13,3218.75
239,6.84,200.8,1898.09
274,5.79,368.98,2004.2
434,7.94,345.52,3738.92
426,6.15,113.92,2682.58
332,9.05,127.11,2742.46
495,9.26,147.83,4459.21
170,5.66,211.45,1072.55
165,4.58,124.82,1027.77
282,6.94,19.63,1752.34
308,9.34,440.9,3372.74
408,4.08,483.15,2136.14
247,7.17,177.37,1992.69
460,7.24,175.87,3065.41
186,8.0,13.47,1366.64
367,3.49,343.32,1863.85
214,7.87,414.47,2230.91
274,9.32,81.84,2459.48
356,3.85,88.24,1726.61
283,4.28,397.14,1890.55
221,9.79,311.98,2586.31
201,3.86,31.98,877.85
364,8.91,315.05,3548.03
423,6.19,161.37,2930.01
209,4.35,190.68,1020.72
145,9.03,387.17,1961.05
282,5.84,407.36,2164.53
229,6.36,206.17,1543.43
162,5.19,474.1,1447.91
367,6.95,209.17,2653.17
491,3.73,388.2,2058.6
101,5.43,247.1,1037.04
317,9.77,449.79,3441.5
344,4.44,454.8,2073.81
435,7.43,52.83,3259.53
436,4.94,468.88,2667.73
162,8.3,414.51,2142.44
150,3.48,397.74,961.45
162,9.77,108.45,1367.73
489,5.9,404.51,3145.36
130,4.27,426.57,576.5
236,3.05,151.68,1056.49
162,3.77,476.61,1056.8
51,6.4,34.43,221.87
179,5.03,83.46,1078.78
269,8.72,273.41,2545.05
103,5.73,292.14,881.27
392,4.37,326.12,1623.61
273,7.13,18.31,2039.47
274,7.8,480.58,2788.97
434,3.75,31.85,1923.67
452,3.76,80.1,1530.44
175,2.78,16.87,172.26
179,8.02,287.76,1922.61
102,7.48,466.81,1349.27
221,6.06,336.31,1835.43
267,8.83,413.1,3065.48
209,8.54,16.51,1708.77
247,6.89,275.59,1978.49
465,9.01,235.19,4169.47
296,4.04,254.49,1130.54
373,3.34,45.38,1410.92
488,4.52,345.37,2737.66
252,2.93,256.58,1155.51
233,6.48,384.92,1633.16
172,9.52,247.79,1821.15
450,2.8,83.2,1546.51
304,3.42,327.65,1314.04
343,5.89,94.47,2196.8
329,9.5,437.47,3480.17
374,4.87,310.43,2247.39
421,6.3,87.03,2435.19
147,2.81,481.55,1110.96
247,3.61,264.0,1285.85
444,9.9,45.72,3807.97
289,9.74,317.15,3063.88
193,2.54,134.07,104.6
146,9.64,403.81,1752.11
250,7.29,410.73,2365.12
173,9.01,489.68,2361.43
236,5.91,255.92,1733.71
375,6.37,232.93,2221.21
398,6.17,379.2,2985.47
308,7.5,74.91,1963.54
197,3.55,277.99,1169.24
301,2.72,277.66,932.17
492,4.81,53.84,2055.99
469,7.79,214.81,3419.1
452,4.01,428.11,2301.22
395,7.55,429.52,3289.2
196,9.77,58.63,1913.15
197,3.2,54.45,645.31
401,7.54,138.72,2625.69
248,5.83,438.64,2014.38
357,9.01,73.16,2652.22
466,3.83,362.8,1973.73
473,7.69,59.57,3290.21
177,8.79,315.34,1786.62
88,9.58,184.47,705.96
387,7.62,396.57,3523.13
409,6.23,124.51,2809.63
178,7.13,323.21,2077.2
316,9.02,125.48,2983.04
490,6.78,359.69,3450.43
483,2.73,438.1,1761.35
200,9.48,72.13,1721.02
464,7.67,434.63,4252.06
347,7.57,300.85,2792.28
148,4.12,72.28,911.05
312,7.44,219.5,2656.69
301,5.45,88.82,1647.54
193,7.38,353.17,1521.33
395,3.3,381.85,1727.14
161,7.43,61.84,1198.76
109,10.0,258.01,1623.6
418,2.86,409.17,1693.58
51,9.83,468.72,912.56
434,5.55,261.62,2757.84
353,9.03,475.64,3536.78
303,8.37,272.49,2182.18
189,6.75,203.15,1517.9
86,8.04,425.62,1360.88
209,9.09,251.56,1918.58
58,5.53,241.23,612.1
282,4.95,250.25,1763.23
148,7.51,424.92,1704.07
196,8.56,417.65,1823.93
353,8.22,207.72,3173.78
257,8.48,173.32,2562.67
180,5.77,251.04,1209.26
453,8.63,290.66,3572.47
201,3.4,126.79,959.47
103,6.58,399.04,1073.91
169,2.54,248.38,865.99
210,4.93,173.68,1632.72
457,5.25,62.34,1943.57
165,5.47,127.03,843.52
124,7.72,475.15,1535.38
162,5.41,159.5,1286.36
469,5.87,92.74,3327.96
471,4.28,235.73,2217.3
153,5.3,160.47,644.07
389,4.2,27.23,1442.16
303,3.05,168.34,929.27
276,7.03,276.61,2305.48
161,7.51,280.34,1584.09
148,7.15,184.71,1021.08
202,5.98,229.18,1264.24
398,5.35,483.1,2569.01
451,8.98,194.9,3889.46
433,6.39,136.53,2686.54
415,6.09,129.3,2478.34
387,2.69,234.3,1535.35
243,5.06,382.16,1600.62
359,5.35,110.93,1786.27
212,5.49,357.56,1316.08
257,6.85,20.36,1570.17
494,6.5,215.28,3264.06
218,7.06,390.17,1625.61
210,8.24,175.98,1752.84
117,8.6,286.23,1566.98
338,7.89,110.44,2695.46
447,9.67,373.58,4525.3
326,2.64,35.62,952.25
353,3.97,427.75,1788.15
453,2.56,107.12,1063.01
433,7.36,438.46,3780.26
441,9.24,182.74,4107.19
184,4.33,364.11,1113.96
244,9.45,166.42,1949.11
450,2.95,453.9,1730.5
177,9.51,72.05,1731.72
82,5.14,97.47,393.88
225,3.26,251.58,1103.53
492,6.14,50.15,3077.97
420,4.43,106.03,1814.98
424,4.64,472.45,2526.09
71,4.8,488.48,1176.42
287,8.52,194.37,2275.85
207,6.54,462.41,1757.41
87,4.83,276.96,938.86
279,7.08,142.17,1998.44
414,7.87,354.18,3487.98
100,4.54,332.86,914.55
487,5.6,494.67,3392.14
313,3.41,139.87,1257.54
332,3.86,339.31,1752.1
76,7.61,35.49,818.2
275,3.86,65.69,1375.2
326,6.44,11.92,2356.09
335,7.82,499.74,2991.54
146,3.3,403.11,1532.17
333,6.75,395.49,2396.86
416,4.42,259.77,2431.55
497,9.72,157.03,4456.51
366,6.13,84.12,2131.61
353,8.54,149.49,2941.11
196,6.63,194.23,1287.48
53,2.83,380.59,723.22
84,7.25,274.43,796.68
241,9.64,47.97,1915.88
98,7.01,18.83,638.78
66,8.64,60.14,921.4
221,9.13,211.14,2081.86
269,4.21,467.26,1908.34
207,4.09,322.33,1076.33
95,7.08,402.89,952.98
422,5.58,238.52,2567.84
55,8.8,187.22,1067.55
148,9.25,63.12,1368.57
429,5.15,439.21,2812.56
282,4.28,393.75,1975.91
86,8.35,92.38,777.55
329,4.56,261.01,1711.32
398,8.67,248.81,3573.23
351,5.68,316.29,2398.75
230,7.51,473.63,1985.22
144,3.22,294.09,917.59
148,7.18,274.71,1368.3
237,5.89,34.66,1150.42
165,6.9,40.82,1071.92
240,3.76,101.8,731.8
302,8.03,25.91,1919.23
465,8.97,374.24,4328.67
210,4.13,364.43,1507.63
305,3.22,76.67,929.44
372,2.68,419.68,1334.64
177,7.31,85.85,1132.2
67,7.05,157.58,771.27
330,6.6,132.0,2491.68
272,4.24,192.43,1480.69
103,5.43,134.79,965.7
107,6.96,249.59,835.11
372,6.23,209.63,2385.46
409,9.91,493.42,4591.74
223,3.52,37.4,482.73
329,7.71,79.67,2270.76
163,5.53,35.88,1053.47
337,5.71,316.66,2258.52
480,7.88,36.71,3266.2
391,7.69,419.86,3009.74
200,9.93,260.85,2446.14
499,3.46,268.23,1545.55
176,3.28,285.18,1073.8
204,7.93,93.7,1489.89
435,6.84,106.87,3047.58
322,4.56,166.22,1362.39
153,3.1,300.81,1401.04
466,3.14,112.96,1566.82
442,9.21,67.0,3877.65
348,3.94,485.36,1807.44
295,4.93,20.77,1313.39
225,4.2,403.32,1433.99
88,5.16,396.14,1362.1
219,3.02,155.63,908.8
296,6.39,76.46,1925.75
75,3.01,81.36,431.74
404,8.5,351.74,3743.93
355,4.25,324.98,1567.45
458,6.55,393.55,3700.09
457,9.1,469.37,4271.39
62,7.38,349.04,927.68
365,6.5,86.37,2571.1
440,4.93,129.29,2533.14
362,5.0,422.67,2424.2
85,7.52,112.56,643.18
222,9.96,45.54,2083.86
69,7.46,354.61,1028.57
370,6.68,207.24,2575.78
313,7.98,460.82,2693.19
449,5.99,328.62,3165.51
191,2.95,54.31,615.49
420,6.72,474.45,3107.39
192,9.68,136.69,1778.06
141,3.81,175.23,800.3
403,7.68,207.11,2815.62
371,4.01,35.1,1567.28
337,6.52,253.29,2404.4
264,3.23,70.43,1186.23
496,5.88,206.48,2950.07
391,8.17,181.85,2930.74
100,5.11,388.69,803.37
202,7.49,403.55,1888.87
235,8.47,85.17,1862.18
112,9.45,189.61,1123.52
239,4.26,192.94,1231.43
174,5.49,84.19,867.49
199,3.64,401.24,1304.63
363,9.94,356.54,3678.08
107,9.45,103.29,1191.31
391,6.55,189.69,2527.46
354,8.82,61.84,3152.05
229,6.41,317.82,1928.29
219,7.18,69.47,1558.1
375,3.17,493.11,1768.0
320,8.16,392.53,2635.07
103,3.46,201.22,905.28
493,8.7,293.5,4164.28
150,8.37,456.56,1832.94
313,7.82,281.51,2693.92
102,2.77,95.5,360.83
109,4.77,195.56,1032.2
157,4.47,423.14,1022.05
54,5.2,325.66,1088.0
152,3.16,328.85,1059.87
245,9.53,434.74,2704.19
311,6.65,448.05,2486.36
414,4.79,460.7,2032.44
421,5.48,56.48,1991.45
399,5.85,276.62,2444.88
96,7.0,372.85,1199.3
404,6.37,380.89,3139.38
360,9.4,307.29,3914.04
473,6.23,91.73,2844.16
357,9.94,400.74,3835.95
193,8.89,362.85,1990.4
318,4.06,52.21,897.27
419,9.48,237.27,3809.66
173,3.37,95.25,626.48
155,8.63,175.36,1662.0
207,5.35,18.86,1128.9
196,9.08,206.16,1955.26
194,9.01,279.44,1876.15
169,8.54,313.6,1372.91
368,8.43,335.11,2910.33
324,4.79,419.78,1693.69
141,3.11,115.58,509.63
107,5.52,69.04,833.94
488,3.8,427.25,2503.25
395,7.71,86.74,3029.76
278,5.1,487.63,1904.45
166,9.82,422.84,2330.22
367,7.31,255.43,2611.42
328,8.67,490.9,3466.41
176,3.49,57.71,304.47
442,8.97,158.5,3570.59
445,9.42,322.73,4587.33
178,6.15,181.5,1216.71
107,7.05,464.9,1240.07
171,8.24,42.16,1551.93
50,3.81,279.21,833.74
288,6.27,299.52,1987.81
339,5.49,329.84,2225.45
145,3.6,135.28,700.1
175,5.26,188.64,545.99
167,3.01,423.4,808.33
97,2.69,105.52,581.57
138,3.51,415.17,892.18
286,9.72,285.7,3036.45
422,6.62,383.47,3142.09
434,9.74,359.67,4587.04
321,5.74,111.68,1553.05
238,4.84,288.72,1548.65
241,6.3,435.18,2006.16
496,5.8,221.74,2763.78
118,3.29,483.63,915.48
327,7.31,231.59,2544.21
398,4.12,79.96,1721.66
296,7.15,200.82,2218.71
125,7.38,476.33,1563.69
203,3.64,166.66,815.32
193,2.96,435.37,1080.77
484,8.36,441.81,4145.84
135,5.95,181.59,891.59
234,2.94,50.8,814.3
334,9.96,365.03,3682.8
269,2.93,162.64,698.14
118,7.71,393.63,1229.96
96,9.88,226.9,1051.9
143,4.29,247.78,910.99
287,3.57,391.18,1172.27
495,3.41,197.36,1639.41
253,4.77,227.13,1149.71
449,3.26,194.33,1688.96
267,7.69,190.0,2126.97
481,2.97,267.71,1594.77
390,6.32,406.31,2615.13
88,9.98,187.27,981.9
149,8.6,266.88,1440.64
338,7.11,338.66,2997.79
303,4.8,142.03,1721.41
271,7.18,145.99,1832.05
406,6.45,467.37,3090.92
72,5.7,364.53,1105.0
299,3.48,292.82,1237.5
59,9.15,327.38,693.51
295,5.87,24.36,1235.65
374,3.96,312.87,2056.69
149,5.26,259.66,1056.64
339,5.61,277.42,2186.01
229,8.71,186.12,1959.46
272,8.0,49.92,1779.7
443,8.27,104.74,3238.1
299,2.58,475.86,1139.86
196,5.62,210.26,1476.76
491,6.11,238.67,3356.53
145,2.64,35.83,405.71
306,4.45,28.41,964.59
374,8.2,361.42,3401.57
53,3.53,273.67,831.88
65,6.51,259.27,964.07
329,4.11,129.13,1404.84
385,2.59,374.93,1412.93
296,4.31,92.44,1279.41
307,9.82,103.07,3112.92
433,8.51,235.75,3822.05
209,9.7,150.28,1972.84
389,6.16,131.26,2271.32
201,3.32,326.17,993.5
445,6.61,328.98,2927.85
227,5.91,414.01,2098.8
212,8.83,214.68,1849.22
429,3.24,45.81,1417.73
82,6.16,144.1,538.47
466,3.63,490.2,2162.28
494,4.94,302.17,2626.8
228,8.03,357.77,2293.46
476,6.07,13.61,2568.96
150,5.32,263.92,886.24
317,5.46,28.39,1604.14
372,5.95,288.92,2272.11
114,8.39,461.18,1861.35
466,9.19,484.53,4529.09
217,9.67,274.87,2167.26
379,8.4,234.52,3611.98
92,4.87,473.06,1260.6
93,7.66,340.07,971.89
334,5.78,41.8,1641.99
446,4.41,238.21,2222.33
61,8.81,127.72,683.94
144,2.79,240.2,899.92
351,9.26,233.18,3142.47
435,5.96,295.25,2916.44
302,7.28,184.82,1808.28
291,7.45,90.49,2056.0
84,9.21,256.82,958.07
264,7.28,416.8,2263.92
386,7.1,335.37,2949.02
139,3.0,175.8,866.7
313,6.39,468.41,2271.87
142,3.63,456.98,711.78
459,8.03,112.58,3278.45
139,6.34,29.31,1041.59
467,7.6,373.24,3425.14
164,2.81,415.53,923.66
154,3.14,484.25,1329.49
440,7.87,446.02,3773.86
245,3.04,304.26,1352.45
363,3.03,269.73,987.52
163,2.59,23.64,351.09
124,9.67,130.86,1542.9
462,8.03,235.21,3466.31
425,5.15,317.97,2653.79
469,4.72,283.05,2369.75
266,5.12,373.89,1873.39
326,8.31,147.09,2911.72
298,7.46,286.83,2516.98
213,3.89,53.19,707.25
443,3.81,212.7,1950.51
406,3.24,377.58,1617.91
457,7.45,349.77,3643.51
241,8.23,495.41,2277.83
276,4.49,146.17,1340.39
226,2.66,254.11,1160.07
148,3.12,171.47,613.04
85,9.76,225.9,1304.23
145,4.72,429.91,1879.51
201,8.27,345.26,2008.14
200,7.18,442.4,2078.84
239,5.36,109.72,1412.89
273,4.04,437.95,1694.57
86,3.41,39.28,480.43
317,7.11,445.41,2646.98
418,8.31,171.25,3250.59
232,7.33,164.15,1471.46
62,6.48,260.92,684.41
328,2.81,470.94,1716.21
266,9.76,33.41,2198.7
404,8.49,182.59,3410.18
410,4.7,429.72,2354.26
335,9.85,204.07,3151.74
322,7.01,107.59,1822.27
418,6.87,218.15,3184.29
111,8.11,198.92,1212.01
133,8.59,458.55,2249.11
417,7.42,383.35,3575.63
266,3.46,257.51,1482.7
391,5.04,494.3,2165.16
446,9.46,237.99,3800.86
236,4.18,38.54,954.1
68,5.29,138.51,301.89
226,5.74,223.67,1366.76
149,5.8,86.88,1413.35
445,7.1,474.31,3792.99
494,9.57,385.76,4646.33
282,4.31,141.46,832.84
452,3.41,299.49,1632.44
125,3.98,363.51,881.58
314,9.15,471.23,3228.38
333,7.34,442.0,2606.99
255,4.64,262.44,1684.51
272,8.62,389.58,2552.25
433,8.96,285.45,4049.6
101,8.85,280.82,1236.47
388,9.39,66.22,3566.01
416,4.39,71.81,1703.75
193,8.16,269.47,1636.6
422,5.95,141.74,2352.7
118,8.81,20.31,849.19
148,7.96,364.19,2019.47
445,8.32,25.92,3386.34
74,7.42,301.69,947.63
485,3.83,274.2,2259.5
428,6.59,484.72,3265.53
102,9.89,247.26,1503.13
200,9.53,41.16,1702.72
193,2.82,280.33,815.6
106,3.74,422.14,793.95
88,3.49,498.46,1394.11
158,7.94,220.87,1446.41
230,8.63,166.95,1802.03
91,4.1,454.26,1056.55
235,6.29,103.71,1355.89
472,8.81,311.56,4131.91
447,8.0,208.8,3593.75
272,6.57,30.13,1957.73
171,6.93,180.17,1357.1
182,6.31,139.96,1101.31
212,4.73,346.18,1320.77
264,6.74,474.91,2445.08
270,7.67,141.34,1684.15
284,9.05,407.62,2716.07
380,7.27,37.13,2584.56
195,8.21,273.68,1510.04
288,3.7,44.57,963.39
125,5.96,467.68,1276.37
58,2.57,385.51,887.91
123,4.35,332.4,930.09
491,7.95,413.71,4371.01
450,9.94,327.28,4532.39
302,3.24,484.78,1963.09
279,5.51,359.84,1645.82
56,8.5,463.08,1446.45
223,4.03,263.39,1121.68
190,6.66,67.36,1534.69
217,8.0,268.81,2202.66
219,7.12,72.17,941.23
442,3.91,300.32,2101.71
483,5.17,246.42,2816.55
332,8.38,315.06,3242.25
171,6.66,14.92,812.03
243,2.54,105.47,831.77
54,8.21,250.75,814.15
78,2.76,475.75,993.66
214,8.09,197.97,2054.88
471,4.02,217.94,2262.33
388,9.69,360.2,3792.9
185,5.26,305.86,1387.66
414,4.95,156.47,2087.3
370,3.62,211.3,1474.54
391,4.79,116.67,1831.85
194,9.07,483.35,2347.84
376,9.97,74.01,3364.47
266,5.26,192.2,1724.15
350,5.86,22.66,2133.75
181,7.92,118.67,1304.06
341,9.15,392.43,3660.45
119,6.95,108.58,743.48
301,5.44,49.23,1727.1
464,5.59,242.48,2961.4
324,7.72,14.88,2254.57
494,2.52,51.54,1035.6
413,7.15,405.74,3148.53
231,5.17,388.02,1729.24
216,8.46,458.42,2725.18
140,3.2,428.71,707.72
251,6.91,344.76,2098.16
395,6.11,35.64,2207.95
68,7.32,393.6,947.08
88,2.99,424.3,857.1
175,6.85,401.55,1572.76
222,6.71,259.15,1978.01
190,6.7,124.12,1600.38
291,7.03,424.21,2495.1
269,7.57,366.31,2353.93
175,8.54,490.57,1982.3
107,4.52,86.29,582.77
197,8.69,120.58,2091.17
366,6.24,113.78,2205.38
432,3.08,398.34,1627.13
410,2.94,101.58,1157.68
472,5.01,42.66,2342.93
50,8.39,499.29,982.94
436,7.81,22.16,3091.14
397,8.41,419.27,3728.37
239,6.38,189.03,1527.51
240,5.8,422.39,1533.5
418,3.61,281.76,1566.44
458,4.96,451.8,2550.46
361,5.76,463.83,2521.4
466,3.16,14.46,1355.85
471,4.15,46.95,1994.35
166,6.99,132.68,997.87
183,8.02,337.96,1963.49
107,9.99,445.25,1555.73
93,9.5,235.37,791.1
222,7.32,307.42,1926.38
209,5.66,102.36,1481.44
222,7.27,404.43,2235.81
366,8.39,483.99,3474.4
352,3.39,141.61,1511.52
198,5.57,252.46,1409.71
129,8.8,52.2,1296.22
423,5.38,283.98,2141.82
262,6.79,256.36,1735.69
252,6.91,80.77,1834.15
301,3.88,226.61,1698.86
278,5.22,173.71,1650.07
213,5.01,265.7,1259.5
276,2.7,296.97,946.03
196,2.68,14.16,430.93
69,8.74,382.89,1359.82
490,4.55,359.38,2477.11
451,6.39,189.48,3087.47
96,4.74,35.94,593.96
282,9.56,379.92,3338.99
354,4.44,478.04,2171.7
63,5.72,127.67,505.91
192,9.05,168.53,2036.17
464,8.81,100.07,3642.11
50,3.9,292.7,525.75
422,8.52,85.87,3028.7
103,5.94,184.54,576.58
423,6.12,351.54,3241.87
308,3.5,284.46,1535.35
193,3.1,199.37,563.38
490,7.96,215.92,4073.21
61,6.22,285.43,628.88
379,5.78,12.87,2119.05
273,7.97,48.47,2156.14
321,8.24,441.82,3376.26
407,3.69,48.16,1316.34
457,7.08,356.33,3298.45
205,3.52,460.82,802.86
422,8.14,142.63,3281.16
57,7.43,191.54,813.53
171,9.67,288.77,2093.76
397,3.02,442.04,1992.59
213,2.93,471.53,1326.94
139,4.62,372.39,1237.5
185,4.46,52.44,834.87
235,4.35,337.89,1568.35
365,9.3,211.05,3184.78
227,4.37,240.64,972.06
77,4.54,34.08,199.99
269,8.2,103.62,2183.37
406,5.87,397.35,2480.84
90,8.33,232.44,896.74
277,2.99,157.81,861.86
241,6.16,198.17,1789.72
460,2.75,428.66,1913.51
496,2.97,377.01,1905.42
194,9.3,143.43,1929.14
250,3.54,67.58,992.03
466,6.49,133.48,2849.4
261,5.58,461.17,1894.0
269,5.11,294.98,1986.94
289,9.25,271.41,2315.21
462,2.66,302.23,1411.11
446,7.48,189.35,3245.74
95,9.73,405.48,1552.13
84,6.7,266.41,1133.24
302,9.53,67.21,3062.42
439,2.89,73.24,1233.36
131,5.64,273.06,1069.6
420,4.45,468.92,2458.0
305,7.98,161.09,2325.92
246,9.86,436.08,2600.28
352,4.42,384.41,1957.62
458,7.41,131.43,3400.62
499,3.99,27.81,1785.04
59,6.74,59.91,530.45
361,5.98,366.96,2119.58
335,9.79,107.84,3117.13
291,7.06,191.92,2056.2
300,5.12,255.83,1511.12
414,3.36,365.48,1931.6
54,3.63,65.48,643.77
168,4.19,209.12,1145.2
338,4.38,247.69,1914.68
423,8.88,275.01,3935.63
114,6.71,411.0,1434.24
195,6.43,94.12,909.76
273,3.36,405.84,1408.72
288,8.95,349.51,2945.84
226,7.92,282.38,2140.78
316,3.01,352.77,1639.54
390,7.81,211.89,2852.67
331,6.58,77.81,2198.35
112,3.11,336.22,604.81
266,5.94,267.09,1780.33
391,6.14,323.29,2633.21
364,3.74,175.62,1661.17
332,9.59,454.36,3696.02
226,8.87,297.81,2274.94
466,7.52,51.85,2801.26
147,5.97,230.4,1224.4
154,5.59,380.61,1292.15
148,7.38,399.13,1860.07
434,6.59,252.35,3183.28
454,2.97,448.43,1698.58
360,6.34,141.16,2382.33
55,8.55,211.19,860.39
246,5.94,450.31,2096.42
400,2.89,449.17,1794.07
182,8.4,346.0,2020.95
407,4.01,430.9,2415.51
308,4.44,53.5,1200.74
486,3.74,433.85,2105.49
72,4.98,167.1,729.9
102,8.18,97.38,520.32
214,6.4,127.29,1554.38
251,4.04,214.8,1330.22
132,9.08,133.08,809.22
194,9.1,167.08,1712.21
134,9.03,76.14,1518.42
127,4.29,155.13,431.61
415,5.88,290.42,2674.33
50,9.89,226.51,583.83
100,8.29,179.89,874.15
222,2.7,375.76,1486.36
254,2.99,447.82,1379.93
309,5.98,380.83,2337.67
495,9.32,172.68,4388.59
498,6.54,374.78,3190.37
418,6.23,84.47,2233.45
337,3.29,73.86,1344.33
83,7.43,179.36,854.64
397,8.67,405.77,3552.39
144,5.35,130.71,885.01
121,8.32,40.99,1099.85
88,9.73,74.54,973.32
203,4.03,430.79,1228.51
299,6.42,320.55,1893.39
211,4.65,134.07,1002.73
487,8.45,282.09,4348.58
167,6.83,268.51,1600.19
308,7.26,331.16,2591.29
428,8.48,124.26,3418.71
355,5.47,433.56,2294.66
317,9.36,161.59,2882.33
498,6.5,350.12,3594.83
103,3.68,17.9,570.02
285,7.72,192.6,2216.72
438,8.45,182.34,4111.75
271,4.88,276.31,1623.18
300,8.93,45.64,2410.17
362,9.3,397.16,3920.81
450,4.58,116.71,1622.31
161,9.88,341.75,2040.24
304,3.56,403.57,1564.81
352,4.02,285.32,1991.15
456,3.88,373.03,2272.88
256,9.2,334.31,2648.97
278,7.41,184.21,2262.82
390,3.64,406.34,1676.03
447,5.8,154.4,2758.3
115,7.11,289.89,901.8
124,3.13,375.24,983.87
484,9.12,195.69,4273.33
152,8.53,158.36,1051.83
471,6.29,235.08,3032.74
241,9.75,410.8,2787.37
301,5.63,465.66,2092.68
275,9.88,277.09,2658.45
343,7.51,334.12,2917.95
355,7.26,452.6,3070.93
147,3.74,58.29,627.6
387,9.11,123.72,3360.36
335,5.71,357.36,2144.29
384,3.72,413.63,2360.51
396,2.59,429.94,1508.32
484,6.7,213.4,3065.6
496,6.46,53.78,2975.3
357,7.9,224.51,2838.85
298,9.18,123.06,2582.36
215,3.1,152.69,1203.74
384,7.99,388.41,3118.01
79,3.91,47.01,356.0
296,8.94,415.51,2792.35
155,8.64,219.56,1426.42
100,6.56,302.07,1390.73
130,7.83,53.93,1053.29
182,4.86,175.31,1112.91
334,6.03,53.95,1705.65
437,8.66,481.16,4042.79
187,5.94,405.56,1972.67
233,5.18,235.22,1538.95
450,6.21,119.57,2626.46
379,8.71,467.39,3760.19
322,5.01,178.85,1773.71
389,3.8,88.88,1295.81
118,7.84,285.95,1187.77
83,8.69,472.45,1808.73
311,3.25,11.88,1005.9
102,4.3,126.68,270.95
499,3.56,469.84,2405.6
254,5.11,93.83,1569.51
175,5.88,65.49,843.46
284,8.12,289.39,2418.19
92,7.38,432.3,1550.27
289,7.16,243.78,2234.97
420,5.14,497.34,2660.35
160,8.81,342.79,1515.61
298,6.03,46.3,1900.81
200,9.84,496.49,2478.24
232,7.26,209.87,1396.5
385,3.45,150.83,1107.14
144,7.57,283.36,1293.8
423,4.94,159.11,1904.75
449,7.65,52.36,2986.71
57,3.02,10.7,639.91
437,3.81,230.3,1985.43
409,8.92,420.06,3398.07
437,4.2,290.43,2024.64
233,8.78,499.61,2572.68
330,4.59,150.55,1293.67
244,7.32,147.42,1935.48
401,7.71,88.28,2506.68
244,6.34,90.39,1747.24
204,4.79,149.74,1392.36
142,4.09,398.49,1590.95
209,2.75,453.82,883.14
483,4.78,487.79,2535.37
110,7.4,123.82,1056.86
171,9.54,441.84,2367.5
100,9.03,170.84,1230.75
452,8.25,65.29,3669.98
326,8.41,436.31,3397.32
54,7.49,321.69,887.0
141,4.45,90.72,658.28
219,9.3,220.62,1890.32
366,7.53,150.76,2646.9
71,6.7,371.03,955.7
454,3.33,232.17,1518.96
375,5.85,494.75,2708.86
50,5.95,36.83,110.52
182,8.98,183.96,1969.53
282,6.6,246.13,2129.44
61,5.35,256.54,586.6
395,9.83,164.81,3779.55
95,3.33,367.33,614.69
83,5.67,438.63,880.76
482,2.82,469.97,1801.5
127,8.05,404.5,1488.48
267,9.39,426.78,2924.83
350,4.6,279.77,1897.69
460,8.94,414.69,4059.44
122,4.69,158.72,736.9
331,9.33,205.25,2923.67
298,8.15,165.29,1751.97
96,8.54,239.02,1711.5
170,2.64,149.93,469.08
263,9.72,481.19,2873.88
288,7.95,163.29,2036.29
105,4.79,58.04,328.22
399,8.72,268.14,3495.83
156,4.61,37.98,974.58
368,9.05,64.17,3054.75
97,3.34,117.5,403.12
110,7.78,237.53,1366.57
386,6.56,222.29,2507.5
75,3.22,401.85,824.35
341,4.31,372.34,1696.93
306,2.59,218.9,1378.66
57,6.02,173.52,778.81
162,4.76,165.07,911.02
404,6.99,389.26,3045.57
302,4.73,35.52,1332.53
229,4.75,16.28,975.72
256,8.07,399.82,2149.69
352,2.86,243.8,1488.28
176,9.27,74.13,1534.14
105,8.89,125.43,1407.92
263,7.51,466.93,2562.38
63,6.95,431.16,536.59
77,9.19,357.79,917.23
127,3.89,246.29,384.85
265,3.09,264.96,875.6
435,4.3,487.87,2088.53
414,8.46,483.23,3927.55
203,2.76,115.48,614.25
63,6.87,407.44,1148.8
236,9.97,106.65,2269.98
361,8.92,114.63,3021.99
420,6.41,341.29,3335.56
56,2.98,208.45,507.43
52,8.74,466.46,1092.62
160,6.99,53.61,916.29
456,3.36,260.65,1534.74
287,3.2,460.08,1670.78
412,9.32,453.02,4277.53
288,7.52,86.7,2393.55
323,8.72,189.65,2915.16
343,9.09,313.37,3197.52
276,6.79,88.1,1920.99
420,6.38,484.33,3122.07
64,5.73,458.23,1190.47
241,4.88,91.81,1463.05
168,5.76,69.37,941.26
77,8.3,51.85,1004.43
251,7.01,455.63,2504.67
88,9.19,104.88,888.7
490,5.83,213.98,3026.15
322,7.05,229.94,2449.1
280,7.23,303.52,2281.64
135,6.94,45.15,1293.56
175,7.77,121.11,1508.96
349,4.28,466.43,1875.8
74,6.34,455.12,899.33
194,3.28,392.83,964.51
62,5.38,19.51,427.37
261,6.16,170.23,1634.03
74,7.39,317.7,1035.38
117,9.63,144.84,1418.58
443,7.0,455.7,3880.19
116,8.08,320.61,1260.77
282,6.3,45.23,1385.07
158,7.26,455.41,2073.97
195,3.03,479.31,959.31
160,4.41,48.08,407.87
277,5.21,270.86,2058.43
160,6.04,158.65,1320.98
83,2.84,202.49,612.85
160,3.55,98.03,648.26
313,4.58,293.26,1682.24
473,9.79,479.41,4756.55
418,4.99,256.51,2205.39
285,6.12,50.63,1636.24
132,3.97,313.8,667.45
91,7.08,176.71,680.87
474,4.61,429.4,2188.34
150,4.05,222.99,896.82
55,6.37,104.49,487.67
229,2.54,103.64,1034.66
331,2.56,386.69,1417.77
369,4.14,140.14,1473.9
275,2.78,385.94,1226.89
492,3.31,110.88,1729.35
489,5.04,167.63,2515.07
364,8.52,238.09,3263.94
414,6.79,472.17,3313.62
278,6.35,466.55,2238.07
426,4.7,111.37,1861.88
338,9.49,185.53,3047.24
486,5.48,83.21,2336.71
199,3.15,259.89,737.58
326,7.13,235.69,2813.17
247,3.35,451.37,1446.7
119,5.09,465.7,1212.63
161,6.31,197.95,1112.07
53,9.06,250.95,894.36
399,6.2,449.16,3140.89
380,7.77,405.29,3409.93
495,9.95,11.79,4634.73
367,3.49,166.83,1285.69
399,4.56,216.67,1961.68
144,5.46,122.56,776.78
201,5.66,107.79,1206.99
360,5.58,28.51,2105.2
186,9.31,325.25,2134.25
296,7.86,138.63,2627.19
436,7.06,35.65,2766.11
292,4.82,123.18,1290.07
80,8.68,402.94,1331.8
89,9.66,427.23,1438.38
278,8.66,246.7,2601.32
85,2.51,213.87,547.46
457,7.27,489.15,3626.99
272,2.88,108.28,906.59
55,4.43,115.53,587.25
371,2.95,153.01,1429.74
269,7.03,94.65,1746.03
124,7.65,195.89,1193.78
53,3.36,456.31,1140.16
384,5.38,311.52,2233.03
183,5.92,211.85,1162.91
167,5.27,467.86,1652.75
418,3.41,33.75,1457.26
143,5.64,113.04,728.03
484,8.13,287.29,3692.47
111,3.03,311.62,812.44
490,3.1,29.38,1327.45
243,5.16,207.49,1102.91
384,9.56,328.09,3658.63
252,7.51,352.05,2351.86
441,7.59,322.69,3466.22
75,5.21,167.08,915.52
484,6.95,55.82,2693.7
222,2.58,219.29,1112.02
349,7.27,73.09,2324.36
182,9.35,474.34,2145.36
375,7.09,242.83,2446.88
459,9.05,165.46,4079.76
167,7.93,385.49,1404.76
373,3.4,253.99,1685.95
324,9.27,161.92,2643.34
261,3.0,407.86,1045.35
274,6.5,434.9,2017.01
69,3.57,339.77,588.16
162,2.59,33.01,615.55
189,5.67,287.5,1696.51
96,4.71,384.01,860.44
50,6.15,76.89,382.77
139,6.83,122.05,1135.49
191,2.83,442.42,1084.24
369,3.42,19.86,1255.72
87,6.69,378.84,1091.27
342,5.07,242.15,1873.08
431,7.97,228.92,3150.98
188,7.39,13.48,1300.42
405,8.84,411.51,4031.12
382,7.69,186.31,2767.63
308,5.72,274.98,1604.4
210,7.55,341.88,1875.86
439,4.57,354.29,2639.0
227,4.8,478.43,1940.67
59,8.42,270.36,736.55
310,5.85,205.86,2032.04
456,8.49,477.31,4322.97
187,8.67,324.63,2244.17
221,8.93,156.09,1700.2
435,9.37,71.97,3562.54
62,5.73,422.85,552.06
217,4.89,187.47,1100.54
179,6.87,333.63,1820.46
133,5.28,240.7,881.12
370,7.01,107.48,2233.91
368,7.79,304.83,3082.62
150,7.66,39.73,1144.17
378,5.31,212.54,1921.86
322,3.75,277.84,1402.3
314,5.73,223.66,1984.9
448,3.57,376.85,2153.9
457,9.18,415.68,4269.48
87,5.09,387.91,821.82
468,3.66,29.02,1967.63
143,2.69,105.12,449.08
144,7.34,272.94,1410.56
354,7.28,468.06,3151.17
118,5.05,419.13,807.63
367,3.04,422.84,1634.67
493,5.57,158.57,2380.12
285,4.83,220.43,1543.38
483,7.58,240.65,3930.63
383,7.04,87.11,2357.66
422,5.23,25.22,1690.9
425,4.13,473.98,2668.23
186,9.91,127.95,1621.45
467,5.91,127.57,2375.61
125,7.66,50.86,1261.85
84,3.55,464.97,728.54
50,6.14,294.07,1046.39
345,2.71,336.85,1401.55
369,6.29,456.67,3030.71
455,9.73,179.35,4290.67
109,5.38,314.54,1215.53
369,2.79,29.01,786.38
398,2.73,101.52,1007.45
377,5.41,417.31,2038.48
316,3.7,385.72,1825.22
410,2.68,181.81,1345.55
278,8.17,194.64,2134.63
319,5.94,271.44,1762.75
365,4.67,10.12,1605.64
335,9.25,128.21,3316.38
340,3.37,112.03,1171.67
262,9.67,132.74,2347.61
214,4.85,404.89,1354.03
54,9.16,147.04,915.61
388,7.02,103.85,2451.31
428,8.7,257.09,3662.64
127,9.88,434.17,1988.89
459,4.66,128.26,2244.93
111,9.71,48.48,976.17
181,5.42,184.64,1020.08
138,5.39,376.35,1527.08
286,5.05,279.84,1496.36
91,6.56,410.23,1110.55
138,3.66,480.2,873.7
451,6.65,398.4,3534.61
345,6.56,305.86,2400.69
377,8.21,251.74,3023.34
344,8.75,29.63,2885.78
153,5.8,492.32,1252.04
63,4.77,197.91,694.4
337,4.45,84.59,1404.46
228,3.96,336.69,1076.57
174,2.93,149.3,484.74
471,5.07,297.03,2457.88
402,4.53,297.52,1996.43
72,9.75,228.41,734.71
112,6.68,419.7,1361.8
192,5.1,139.83,846.08
202,6.85,229.83,1117.05
194,3.54,273.47,1412.21
274,5.83,335.18,1980.03
499,7.2,394.15,4226.64
358,6.17,203.46,2084.43
153,5.51,326.56,1344.53
153,9.95,83.8,1674.74
484,9.1,467.0,4626.59
88,7.18,197.7,576.32
484,6.77,367.47,3447.32
247,7.15,19.97,1744.68
183,4.01,110.54,943.9
116,5.46,248.67,942.7
440,2.8,440.34,1948.77
228,6.07,268.36,1818.12
91,6.57,465.64,1131.81
497,4.21,247.06,1949.64
64,9.73,250.32,974.01
160,9.32,68.68,1295.77
206,7.92,403.3,2102.07
338,6.5,131.01,2442.92
280,9.02,450.81,3036.75
460,3.48,456.3,2384.42
469,8.43,472.22,4064.34
206,3.44,264.91,1252.63
87,8.46,341.78,1510.41
490,4.57,391.47,2615.44
146,9.08,74.2,1768.82
460,9.58,304.47,4251.34
488,3.62,26.81,1502.35
338,5.97,253.81,2326.78
303,9.86,85.87,2828.52
245,6.13,99.63,1352.53
135,8.98,188.87,1498.2
371,6.92,221.89,2714.53
59,5.31,315.35,637.73
54,4.64,46.47,333.02
172,4.02,256.81,1159.32
379,8.21,99.49,2827.97
402,5.4,291.25,2493.99
167,6.33,322.33,1261.49
343,6.19,282.79,2200.27
446,6.83,371.76,3521.52
208,8.99,174.45,2067.35
352,9.86,384.9,3323.63
277,5.56,222.06,1644.35
414,8.71,247.25,3714.16
265,8.23,327.57,2481.98
485,6.8,19.0,3120.34
233,9.67,330.46,2546.69
64,4.0,313.11,673.55
206,3.32,161.83,825.64
185,8.9,52.04,1778.15
310,5.79,54.56,1836.24
206,8.85,462.38,2415.31
96,9.2,347.75,1334.27
373,2.97,72.28,995.69
381,9.13,184.79,3346.51
222,5.86,300.32,1834.24
179,6.33,419.43,1843.01
460,7.2,31.39,2898.17
144,9.45,125.95,1433.63
164,2.64,445.98,1158.33
292,6.08,14.49,1706.2
469,7.66,108.69,3481.42
341,7.92,479.92,2928.11
331,7.69,310.57,2522.41
348,3.51,138.22,1540.7
332,4.75,42.83,1785.35
118,5.19,23.81,290.59
197,8.53,129.93,1701.71
60,4.59,441.93,1073.57
303,4.08,213.8,992.56
379,9.68,362.96,3631.62
409,2.57,459.96,1617.52
87,9.98,209.94,976.9
183,7.58,103.73,1445.85
249,8.71,263.39,2641.09
72,4.71,454.96,817.09
352,2.61,404.14,1443.11
395,8.03,42.26,2849.1
351,8.76,349.36,3318.6
412,8.05,290.23,3421.45
445,3.57,454.66,2639.21
267,8.15,70.02,2361.39
190,8.27,271.68,1505.5
153,7.44,440.94,1505.87
495,8.25,210.91,3836.17
259,8.84,246.18,2183.02
160,7.1,44.53,815.52
153,3.16,146.29,618.89
365,6.16,169.01,2129.14
220,3.08,473.11,1141.35
405,5.56,148.51,2653.48
373,5.55,235.83,2082.7
182,3.0,338.94,911.18
425,5.12,89.47,2240.9
342,3.33,248.36,1308.21
377,8.56,371.88,3229.09
176,9.61,434.76,2122.78
155,3.04,316.87,1301.13
141,9.66,337.84,1636.33
336,6.42,71.88,1866.87
427,4.75,473.43,2619.62
442,3.08,74.96,1276.48
100,6.25,389.59,1694.68
78,8.46,139.76,646.15
345,7.8,467.46,3469.84
346,2.88,362.78,1673.68
263,3.05,379.37,1214.72
316,5.52,117.34,1745.19
456,4.71,227.09,2067.64
306,4.24,312.73,1529.1
351,4.61,387.29,1959.54
150,8.53,60.94,1274.53
454,9.47,481.56,4309.25
395,5.54,446.21,2701.08
159,9.3,142.47,1515.36
469,4.91,413.15,2771.86
231,6.07,263.98,1767.38
362,4.2,236.29,1677.61
50,7.3,164.07,672.24
368,9.84,294.67,3683.58
487,7.03,367.65,3781.42
104,5.18,211.36,865.11
420,7.36,318.32,3295.77
473,3.42,352.66,1964.39
448,9.16,358.45,4490.15
198,6.27,35.46,1251.54
480,5.87,431.28,2918.47
358,6.89,234.54,2477.38
186,7.19,138.58,1365.76
251,3.04,128.46,879.2
485,7.62,246.68,3731.49
362,4.31,444.55,1882.18
166,7.85,195.39,1452.28
203,8.67,377.37,2087.24
474,8.53,57.44,3942.01
340,6.64,243.27,2197.73
112,6.4,495.93,1385.54
293,3.57,387.51,1385.6
74,8.32,113.16,1096.45
139,4.54,255.71,1202.84
124,6.23,124.48,553.52
343,4.63,210.68,1586.06
435,3.5,392.24,2132.79
440,7.22,387.9,3532.43
259,2.91,121.77,946.16
467,8.11,461.89,4139.64
396,4.88,300.36,2380.01
66,2.5,196.16,598.94
177,6.33,255.95,1334.18
476,2.85,306.48,1440.81
492,4.57,284.35,2112.11
413,7.8,248.34,3251.04
300,2.97,257.42,820.05
228,8.8,96.44,2000.62
231,2.53,408.24,1076.74
201,4.35,275.46,1588.89
74,8.06,74.23,716.77
229,4.87,385.42,1575.99
247,3.26,466.9,1101.81
393,5.2,474.18,2298.05
210,4.53,190.82,1278.67
226,8.82,76.4,1845.97
334,4.85,264.02,2361.02
112,8.42,65.18,929.9
199,9.19,467.65,2381.19
203,5.75,99.95,937.07
205,9.32,133.86,2109.82
419,5.33,209.25,2138.67
98,9.73,197.75,1259.69
386,3.17,399.38,1862.69
133,7.65,233.6,1285.14
410,6.2,93.68,2779.71
226,5.41,140.93,1189.65
197,7.25,259.47,2009.74
167,7.78,82.25,1038.52
391,2.53,309.71,1514.68
112,3.75,287.22,780.35
238,7.85,360.2,2080.14
409,7.5,469.48,3132.71
98,9.75,457.0,1493.32
376,8.21,473.58,3423.87
306,9.63,129.91,2881.55
273,7.77,74.47,2165.76
190,4.74,158.12,886.03
264,3.29,448.59,1806.24
484,8.36,486.31,4263.37
428,7.33,431.07,3590.56
489,2.86,63.91,1372.58
260,5.2,474.24,1888.42
367,9.68,217.45,3531.49
81,6.25,14.56,289.41
207,5.75,226.77,1333.87
334,5.93,32.57,1563.46
354,4.07,276.5,1601.6
478,5.27,175.89,2437.66
335,5.27,241.98,2120.92
193,2.89,310.45,901.28
473,8.26,435.71,4080.23
68,5.62,334.33,889.45
67,8.67,222.68,892.99
306,8.88,411.52,2944.62
127,4.09,453.74,1226.94
420,7.43,68.68,2875.83
224,6.04,270.65,1505.11
243,9.1,149.41,2115.19
162,4.12,33.06,840.16
163,7.58,337.59,1525.29
271,7.06,432.76,2423.3
215,4.71,89.82,789.63
484,3.52,408.08,2368.49
368,7.39,428.16,2973.21
181,8.04,458.03,2076.82
434,4.87,139.99,2061.89
313,7.34,452.94,2824.85
462,5.46,167.12,2609.64
104,7.85,280.65,1126.8
408,3.99,34.75,1144.06
180,9.18,31.5,1752.61
337,4.66,362.98,1929.87
315,5.26,227.8,1906.51
415,2.94,135.58,1439.8
211,3.34,103.3,697.78
429,6.37,338.28,3070.3
136,4.51,10.2,417.8
104,8.77,404.89,1505.72
337,2.61,48.83,868.8
227,5.34,103.83,1162.21
440,5.03,199.26,2300.17
398,2.64,247.58,1105.98
57,3.43,183.95,513.69
370,5.6,167.15,2198.09
362,6.2,482.32,2812.57
296,5.53,324.37,2260.18
372,6.48,21.48,2182.73
492,6.96,220.79,3407.85
304,2.57,438.75,1127.22
377,5.98,157.71,2580.07
103,9.73,56.33,686.84
298,6.39,381.61,2331.93
288,7.58,306.95,2302.2
278,4.84,289.45,1657.61
116,8.3,36.25,659.28
100,8.3,78.84,1043.59
146,6.41,315.05,1123.81
141,9.82,111.83,1647.15
313,3.44,256.99,1169.01
467,2.63,276.99,1715.92
340,8.28,148.92,2590.87
145,8.55,474.73,1704.95
137,3.4,422.81,1053.07
127,4.49,363.96,889.56
337,2.63,48.22,694.53
169,4.7,62.0,640.6
351,8.3,251.46,3062.93
449,6.38,88.75,2711.19
214,5.11,489.35,1728.74
231,5.29,87.67,1166.37
447,2.51,248.86,1492.8
272,4.75,188.42,1655.44
360,7.35,323.3,2981.47
481,9.81,73.23,4314.8
56,8.85,220.86,533.17
379,2.68,144.61,735.65
312,9.24,445.0,3249.12
210,8.37,29.89,1228.13
200,8.35,457.73,2149.73
134,5.93,418.17,1622.94
196,5.49,155.81,971.46
161,4.77,396.75,1029.08
430,2.99,25.29,1322.45
452,4.21,483.76,1877.12
85,4.35,268.03,811.18
334,6.13,158.61,2374.29
237,8.11,187.67,1836.87
131,6.05,42.54,568.26
51,2.93,494.78,994.66
434,9.68,29.25,3590.73
352,9.57,330.9,3690.29
246,8.39,226.94,1980.09
453,9.93,474.97,5114.6
60,6.58,130.54,683.59
283,9.72,270.72,2889.37
435,3.07,246.35,1913.58
244,5.24,354.4,1888.61
168,4.19,43.33,772.25
445,3.97,104.96,1374.78
69,3.56,115.14,253.49
310,7.17,371.69,2775.05
342,8.36,102.68,2467.2
471,6.84,291.01,3182.85
305,3.6,115.47,956.99
271,8.58,432.2,2821.43
442,7.27,471.67,3792.23
275,5.41,264.06,1927.98
102,7.56,182.63,797.39
477,4.45,124.69,2175.15
404,5.09,34.39,1722.33
391,9.38,141.57,3471.07
413,4.68,330.58,2339.46
329,6.02,271.47,2402.0
130,9.18,472.58,1353.05
251,7.81,204.18,2090.28
207,2.97,349.99,1359.75
169,3.6,249.77,968.66
108,2.56,261.16,657.09
264,7.23,141.21,1817.06
177,5.86,232.93,1559.04
273,3.51,240.68,1120.07
258,9.68,356.25,2762.04
419,6.47,470.91,3052.16
164,4.31,171.37,914.85
258,6.25,30.68,1782.4
63,7.6,253.18,629.47
58,3.07,276.79,597.95
89,4.56,92.54,582.28
499,8.55,382.63,4251.28
286,5.95,492.62,2258.66
330,6.6,473.43,3040.61
408,5.75,106.58,1917.57
250,2.83,438.93,1210.9
295,3.74,355.2,1575.88
327,5.84,232.38,1992.09
284,4.07,274.9,2029.89
53,2.87,426.3,886.09
203,8.83,245.27,1772.27
491,9.86,192.87,4179.09
78,8.45,251.69,1038.78
158,8.9,293.77,1555.11
147,4.31,102.65,981.97
264,9.7,451.44,2926.91
342,3.98,340.35,1621.9
124,9.64,320.3,1439.22
375,9.96,58.75,3646.93
195,7.84,306.05,1918.11
177,9.86,69.27,2025.79
390,6.77,48.56,2406.09
91,4.45,268.38,939.48
405,5.78,207.36,2593.73
90,6.95,298.52,1145.49
471,3.05,53.72,1271.5
83,7.17,221.18,962.05
66,9.86,95.65,709.71
214,3.93,493.68,1472.73
202,8.44,284.96,1800.67
427,9.31,346.84,3674.03
125,9.58,169.45,1581.6
136,9.7,56.42,1358.22
166,6.41,488.18,1421.28
411,9.83,150.27,4005.06
391,8.18,217.67,3458.67
76,3.71,328.43,901.94
362,6.08,22.1,1835.69
336,7.89,407.03,2850.08
183,4.36,272.92,1017.9
268,7.3,146.33,2152.47
217,7.5,40.19,1620.83
147,3.72,89.62,1184.64
317,6.74,448.57,2267.6
286,8.29,346.15,2642.55
358,6.24,132.45,1823.65
443,2.59,42.14,1215.17
222,2.57,348.4,1249.46
450,5.18,290.48,2822.04
459,9.45,208.21,4253.81
239,4.22,188.17,807.32
171,7.26,116.24,1281.64
95,4.17,338.11,951.06
113,4.91,485.63,1026.76
179,8.86,96.1,1518.5
359,7.97,302.59,2773.58
412,3.22,217.85,1398.21
242,5.72,228.88,1771.63
356,2.72,134.53,1209.32
230,6.11,414.32,1607.21
341,7.47,247.78,2523.22
420,3.39,276.27,1707.24
331,4.67,159.33,1675.49
78,5.48,99.09,400.75
198,9.4,52.1,1848.52
316,9.95,359.92,3362.6
345,2.84,106.15,525.72
60,8.21,348.14,851.22
213,5.29,201.28,1195.97
162,5.44,213.73,1249.4
236,8.16,239.9,2232.25
344,9.39,190.18,2857.99
281,9.63,59.3,2612.07
276,6.83,161.72,1924.36
359,5.18,335.23,2201.79
147,8.41,336.23,1494.22
104,4.38,150.25,622.98
160,6.73,235.45,1552.36
201,5.19,104.79,1118.49
295,7.42,113.08,2131.14
455,4.3,21.29,1696.94
118,3.94,449.41,1302.99
361,9.39,113.25,2964.53
338,3.26,121.49,1013.53
299,6.29,147.0,1645.5
85,4.16,72.43,467.02
288,2.79,323.24,1443.98
197,2.77,46.82,495.59
276,3.81,75.76,846.16
293,9.0,325.93,3189.48
386,4.62,176.43,1959.89
495,9.63,356.89,4881.0
414,6.86,283.14,2942.71
250,5.77,135.45,1635.23
203,6.85,328.91,1797.23
499,6.38,66.97,2869.46
122,8.19,272.84,1245.76
250,4.62,224.2,1171.82
345,5.15,141.26,1582.05
66,9.21,305.96,946.68
178,9.6,436.95,2424.19
266,9.19,499.46,2742.44
110,5.65,307.8,1188.32
476,8.35,208.31,3729.82
153,6.07,120.35,659.04
91,6.23,135.98,823.53
74,4.04,244.93,962.21
88,6.93,189.97,662.66
340,3.9,457.77,1566.08
180,4.99,190.46,1185.05
278,8.91,192.99,2334.13
157,4.05,197.93,976.49
221,3.03,419.94,1462.87
484,3.02,328.89,1874.97
151,9.56,310.94,1927.57
403,6.3,173.73,2708.93
61,5.57,410.77,1119.94
324,8.58,28.8,2554.17
150,8.77,436.69,1994.8
93,4.99,261.25,842.42
492,7.7,205.14,3795.53
354,8.28,253.61,3628.77
494,7.41,337.03,3848.35
66,3.64,16.26,-58.95
379,9.07,437.06,3709.88
106,6.54,228.9,905.16
360,4.62,178.05,1711.0
352,5.69,77.74,2109.89
61,2.78,225.34,716.75
367,3.46,253.2,1501.51
129,8.24,207.79,989.97
265,2.5,342.54,1129.88
388,5.62,216.24,2178.19
313,6.42,481.09,2572.23
198,2.91,303.65,949.84
130,9.8,405.66,1998.36
264,4.2,63.58,1148.25
423,4.78,204.67,2018.71
247,4.78,175.06,1048.08
249,4.23,289.05,1371.92
74,2.51,431.95,806.2
138,7.97,48.39,1009.97
317,9.75,45.56,3005.08
192,4.18,426.66,1085.74
108,7.47,114.3,745.03
459,8.06,337.69,3846.7
414,8.86,276.01,3603.35
75,5.67,418.12,938.56
96,4.77,71.29,507.01
337,4.94,73.59,1745.88
315,7.84,282.84,2626.79
65,8.63,473.73,821.51
248,3.86,213.35,1061.02
450,5.28,170.2,2492.86
456,9.26,307.28,4413.76
331,8.55,465.92,3409.5
135,9.89,420.09,2052.01
299,8.16,497.79,2966.23
440,5.45,21.06,2242.42
319,6.93,65.3,1884.77
384,7.46,308.64,2606.22
166,3.09,412.08,796.25
56,6.58,149.77,415.92
186,7.82,127.21,1227.94
420,3.75,395.62,1952.34
225,8.35,37.63,1654.9
377,6.88,191.0,2808.45
364,9.64,257.85,3351.01
264,2.82,284.57,1125.0
131,4.49,367.02,995.95
272,7.01,183.87,1790.54
421,4.72,310.22,2108.2
472,7.86,296.83,3373.92
451,8.19,278.33,3891.49
492,3.27,323.84,2214.17
152,6.35,137.13,1020.88
322,6.32,51.48,1914.57
63,5.27,68.44,342.3
208,9.5,120.05,1794.46
201,8.71,255.1,2099.27
157,7.73,421.82,1788.79
237,7.86,353.63,1624.56
350,5.96,396.63,2265.42
147,9.41,181.98,1107.3
180,7.71,208.28,1872.52
342,7.97,202.9,2723.15
220,8.96,104.02,1978.25
473,4.56,40.0,1930.53
232,8.55,299.55,2455.1
413,3.96,494.72,2386.15
88,5.09,91.75,497.66
64,5.02,32.88,682.07
425,9.84,391.97,4388.82
53,8.92,133.77,334.11
398,7.76,416.53,3424.43
458,7.95,354.93,3912.87
446,6.72,473.38,3380.83
259,9.6,210.37,2471.02
210,6.22,334.37,2030.01
65,5.35,237.78,432.47
475,3.72,318.99,1516.04
157,8.4,230.3,1856.18
431,8.01,102.43,3015.51
499,5.38,258.87,2747.14
360,2.69,269.01,1199.59
276,8.79,407.2,3040.59
219,2.59,370.41,1353.08
83,7.78,335.26,825.58
463,9.78,65.56,4445.05
300,5.78,363.1,2372.93
296,4.26,255.15,1521.46
318,7.79,448.11,3088.17
190,8.63,460.74,2373.41
323,6.6,37.03,1923.68
465,9.75,412.11,4667.03
145,2.89,28.47,537.72
276,6.29,189.91,1521.6
428,7.89,275.73,3382.06
88,8.97,82.57,594.21
351,3.84,375.69,2061.31
78,8.5,14.09,544.72
495,6.65,92.61,3156.76
367,5.47,294.59,2204.94
294,3.49,360.05,1406.83
285,8.99,459.16,3036.87
234,3.68,355.69,1162.41
321,4.82,339.17,1861.56
489,4.68,203.23,2323.34
285,9.04,10.63,2250.06
288,7.55,68.88,2138.49
426,8.48,271.93,3569.73
315,4.38,340.81,2075.17
463,7.19,214.55,3443.69
458,6.79,368.03,3081.02
408,8.75,265.71,3721.74
389,9.3,46.35,3187.56
438,2.59,104.09,1204.25
114,7.56,421.6,1261.82
226,2.89,365.21,696.76
52,6.62,448.43,978.11
478,4.66,67.6,1819.25
191,4.8,495.21,1651.88
425,5.15,112.61,2173.75
207,7.16,15.77,1236.79
373,5.01,498.74,2795.07
195,8.0,147.73,1377.74
495,5.53,337.33,2844.74
342,3.01,96.57,847.19
202,8.38,294.31,2373.21
481,4.64,452.98,2958.57
242,5.75,166.89,1218.26
486,7.64,338.42,3684.25
122,4.99,102.07,542.68
448,2.92,316.15,1541.42
354,5.3,174.86,1742.31
426,9.58,113.49,3722.06
393,7.31,163.46,3031.71
189,7.54,97.63,1818.38
236,7.24,451.94,1906.81
342,3.99,204.62,1326.83
110,5.64,130.19,796.36
476,8.13,229.72,3511.41
429,3.26,167.06,1557.16
247,4.58,374.77,1688.31
344,4.57,485.9,2283.85
489,5.74,224.64,2965.56
368,9.85,431.91,3803.14
351,3.01,287.27,1345.43
393,6.39,87.05,2154.81
60,3.85,348.41,823.38
111,9.78,261.58,1690.06
382,3.35,328.8,1737.37
275,5.53,445.95,1898.6
202,8.03,225.81,1997.53
248,7.78,451.58,2887.0
101,5.67,377.83,1130.78
309,5.1,249.42,1903.33
108,5.48,305.58,1126.57
121,4.48,169.53,421.28
197,4.04,491.96,1372.01
398,6.12,337.0,2594.91
112,4.51,31.48,668.8
359,4.66,170.04,1904.38
422,7.43,315.42,3270.9
292,9.76,37.6,2506.55
415,7.03,21.7,2320.94
379,3.08,230.51,1393.27
156,3.07,173.02,499.64
275,9.64,224.77,2507.35
362,4.73,138.72,1934.37
267,3.19,90.71,1067.01
474,6.99,347.68,3405.74
290,7.18,262.14,1953.38
308,7.36,108.08,2037.15
425,4.51,166.6,2173.63
311,2.61,299.99,1274.07
54,9.74,45.39,447.09
310,4.38,82.25,1357.15
103,7.57,45.89,355.61
96,7.8,408.04,855.88
264,7.08,378.68,2645.65
226,4.85,379.12,1656.48
58,4.53,361.0,778.3
148,6.98,338.0,1357.34
69,9.0,243.73,572.13
427,9.6,324.72,4375.0
290,3.29,28.8,674.51
110,3.66,314.52,974.96
428,9.59,391.16,4307.21
468,8.02,255.18,3750.38
227,9.12,185.18,1880.51
387,4.02,145.94,1361.27
111,6.91,324.97,1255.75
194,7.76,349.47,1894.94
265,7.6,436.77,2477.19
52,5.56,177.74,584.03
209,2.62,387.19,686.26
276,6.87,285.06,2337.13
318,4.4,442.59,1851.99
169,5.88,268.63,1531.22
430,9.68,263.64,3739.96
138,5.49,293.16,1235.4
378,8.8,377.16,3671.42
117,3.91,482.7,838.55
447,7.54,46.05,2974.57
406,9.83,36.18,3434.25
147,3.26,469.4,1308.04
316,2.56,269.64,1194.3
154,5.75,311.3,1583.67
489,3.19,246.39,1814.09
372,8.11,55.89,2945.51
172,9.36,386.36,2262.87
78,5.76,376.14,1079.45
186,4.44,162.73,910.51
244,5.76,160.06,1390.93
458,7.93,420.54,3883.61
275,2.57,45.46,863.58
381,6.92,441.74,2882.26
219,7.1,135.76,1733.48
58,7.28,300.56,895.38
89,4.32,468.64,798.33
74,7.86,342.28,1157.6
310,3.19,213.07,1238.0
444,3.99,347.87,2006.1
492,9.08,178.55,4313.93
275,8.04,145.86,2106.36
173,2.6,498.37,1201.91
87,4.36,377.89,874.63
377,4.11,325.91,1577.4
300,4.53,184.09,1471.63
438,4.36,34.09,1681.31
225,2.97,25.22,766.37
139,5.94,281.55,1341.37
451,8.0,383.4,3720.5
86,7.05,273.32,797.77
365,7.55,421.98,2777.11
225,3.11,26.38,506.54
333,9.64,189.71,3109.02
130,8.79,126.16,949.82
163,8.54,229.16,1775.19
89,8.67,45.46,815.09
350,9.5,477.52,3684.7
273,6.58,119.4,1792.47
367,4.0,461.93,2075.3
398,7.13,218.69,3008.62
164,8.07,492.91,2092.3
235,8.03,281.49,2058.75
372,6.41,466.11,2816.85
105,3.01,12.62,337.97
89,5.28,376.64,951.34
403,9.41,452.49,4266.21
89,6.88,78.46,914.24
